system_id,query_id,latency_ns,raw_prompt_context_bytes,compact_routehint_bytes,retrieved_span_rows,external_network_used,external_model_used,route_memory_store_used,compact_routehint_used,source_verified_scorer_used,domain_policy_used
E,v53e_0001,250000000,512,0,1,0,1,0,0,0,0
E,v53e_0002,250000000,512,0,1,0,1,0,0,0,0
E,v53e_0003,250000000,512,0,1,0,1,0,0,0,0
E,v53e_0004,250000000,512,0,1,0,1,0,0,0,0
E,v53e_0005,250000000,512,0,1,0,1,0,0,0,0
E,v53e_0006,250000000,512,0,1,0,1,0,0,0,0
E,v53e_0007,250000000,512,0,1,0,1,0,0,0,0
E,v53e_0008,250000000,512,0,1,0,1,0,0,0,0
E,v53e_0009,250000000,512,0,1,0,1,0,0,0,0
E,v53e_0010,250000000,512,0,1,0,1,0,0,0,0
E,v53e_0011,250000000,512,0,1,0,1,0,0,0,0
E,v53e_0012,250000000,512,0,1,0,1,0,0,0,0
E,v53e_0013,250000000,512,0,1,0,1,0,0,0,0
E,v53e_0014,250000000,512,0,1,0,1,0,0,0,0
E,v53e_0015,250000000,512,0,1,0,1,0,0,0,0
E,v53e_0016,250000000,512,0,1,0,1,0,0,0,0
E,v53e_0017,250000000,512,0,1,0,1,0,0,0,0
E,v53e_0018,250000000,512,0,1,0,1,0,0,0,0
E,v53e_0019,250000000,512,0,1,0,1,0,0,0,0
E,v53e_0020,250000000,512,0,1,0,1,0,0,0,0
E,v53e_0021,250000000,512,0,1,0,1,0,0,0,0
E,v53e_0022,250000000,512,0,1,0,1,0,0,0,0
E,v53e_0023,250000000,512,0,1,0,1,0,0,0,0
E,v53e_0024,250000000,512,0,1,0,1,0,0,0,0
E,v53e_0025,250000000,512,0,1,0,1,0,0,0,0
E,v53e_0026,250000000,512,0,1,0,1,0,0,0,0
E,v53e_0027,250000000,512,0,1,0,1,0,0,0,0
E,v53e_0028,250000000,512,0,1,0,1,0,0,0,0
E,v53e_0029,250000000,512,0,1,0,1,0,0,0,0
E,v53e_0030,250000000,512,0,1,0,1,0,0,0,0
E,v53e_0031,250000000,512,0,1,0,1,0,0,0,0
E,v53e_0032,250000000,512,0,1,0,1,0,0,0,0
E,v53e_0033,250000000,512,0,1,0,1,0,0,0,0
E,v53e_0034,250000000,512,0,1,0,1,0,0,0,0
E,v53e_0035,250000000,512,0,1,0,1,0,0,0,0
E,v53e_0036,250000000,512,0,1,0,1,0,0,0,0
E,v53e_0037,250000000,512,0,1,0,1,0,0,0,0
E,v53e_0038,250000000,512,0,1,0,1,0,0,0,0
E,v53e_0039,250000000,512,0,1,0,1,0,0,0,0
E,v53e_0040,250000000,512,0,1,0,1,0,0,0,0
E,v53e_0041,250000000,512,0,1,0,1,0,0,0,0
E,v53e_0042,250000000,512,0,1,0,1,0,0,0,0
E,v53e_0043,250000000,512,0,1,0,1,0,0,0,0
E,v53e_0044,250000000,512,0,1,0,1,0,0,0,0
E,v53e_0045,250000000,512,0,1,0,1,0,0,0,0
E,v53e_0046,250000000,512,0,1,0,1,0,0,0,0
E,v53e_0047,250000000,512,0,1,0,1,0,0,0,0
E,v53e_0048,250000000,512,0,1,0,1,0,0,0,0
E,v53e_0049,250000000,512,0,1,0,1,0,0,0,0
E,v53e_0050,250000000,512,0,1,0,1,0,0,0,0
E,v53e_0051,250000000,512,0,1,0,1,0,0,0,0
E,v53e_0052,250000000,512,0,1,0,1,0,0,0,0
E,v53e_0053,250000000,512,0,1,0,1,0,0,0,0
E,v53e_0054,250000000,512,0,1,0,1,0,0,0,0
E,v53e_0055,250000000,512,0,1,0,1,0,0,0,0
E,v53e_0056,250000000,512,0,1,0,1,0,0,0,0
E,v53e_0057,250000000,512,0,1,0,1,0,0,0,0
E,v53e_0058,250000000,512,0,1,0,1,0,0,0,0
E,v53e_0059,250000000,512,0,1,0,1,0,0,0,0
E,v53e_0060,250000000,512,0,1,0,1,0,0,0,0
E,v53e_0061,250000000,512,0,1,0,1,0,0,0,0
E,v53e_0062,250000000,512,0,1,0,1,0,0,0,0
E,v53e_0063,250000000,512,0,1,0,1,0,0,0,0
E,v53e_0064,250000000,512,0,1,0,1,0,0,0,0
E,v53e_0065,250000000,512,0,1,0,1,0,0,0,0
E,v53e_0066,250000000,512,0,1,0,1,0,0,0,0
E,v53e_0067,250000000,512,0,1,0,1,0,0,0,0
E,v53e_0068,250000000,512,0,1,0,1,0,0,0,0
E,v53e_0069,250000000,512,0,1,0,1,0,0,0,0
E,v53e_0070,250000000,512,0,1,0,1,0,0,0,0
E,v53e_0071,250000000,512,0,1,0,1,0,0,0,0
E,v53e_0072,250000000,512,0,1,0,1,0,0,0,0
E,v53e_0073,250000000,512,0,1,0,1,0,0,0,0
E,v53e_0074,250000000,512,0,1,0,1,0,0,0,0
E,v53e_0075,250000000,512,0,1,0,1,0,0,0,0
E,v53e_0076,250000000,512,0,1,0,1,0,0,0,0
E,v53e_0077,250000000,512,0,1,0,1,0,0,0,0
E,v53e_0078,250000000,512,0,1,0,1,0,0,0,0
E,v53e_0079,250000000,512,0,1,0,1,0,0,0,0
E,v53e_0080,250000000,512,0,1,0,1,0,0,0,0
E,v53e_0081,250000000,512,0,1,0,1,0,0,0,0
E,v53e_0082,250000000,512,0,1,0,1,0,0,0,0
E,v53e_0083,250000000,512,0,1,0,1,0,0,0,0
E,v53e_0084,250000000,512,0,1,0,1,0,0,0,0
E,v53e_0085,250000000,512,0,1,0,1,0,0,0,0
E,v53e_0086,250000000,512,0,1,0,1,0,0,0,0
E,v53e_0087,250000000,512,0,1,0,1,0,0,0,0
E,v53e_0088,250000000,512,0,1,0,1,0,0,0,0
E,v53e_0089,250000000,512,0,1,0,1,0,0,0,0
E,v53e_0090,250000000,512,0,1,0,1,0,0,0,0
E,v53e_0091,250000000,512,0,1,0,1,0,0,0,0
E,v53e_0092,250000000,512,0,1,0,1,0,0,0,0
E,v53e_0093,250000000,512,0,1,0,1,0,0,0,0
E,v53e_0094,250000000,512,0,1,0,1,0,0,0,0
E,v53e_0095,250000000,512,0,1,0,1,0,0,0,0
E,v53e_0096,250000000,512,0,1,0,1,0,0,0,0
E,v53e_0097,250000000,512,0,1,0,1,0,0,0,0
E,v53e_0098,250000000,512,0,1,0,1,0,0,0,0
E,v53e_0099,250000000,512,0,1,0,1,0,0,0,0
E,v53e_0100,250000000,512,0,1,0,1,0,0,0,0
E,v53e_0101,250000000,512,0,1,0,1,0,0,0,0
E,v53e_0102,250000000,512,0,1,0,1,0,0,0,0
E,v53e_0103,250000000,512,0,1,0,1,0,0,0,0
E,v53e_0104,250000000,512,0,1,0,1,0,0,0,0
E,v53e_0105,250000000,512,0,1,0,1,0,0,0,0
E,v53e_0106,250000000,512,0,1,0,1,0,0,0,0
E,v53e_0107,250000000,512,0,1,0,1,0,0,0,0
E,v53e_0108,250000000,512,0,1,0,1,0,0,0,0
E,v53e_0109,250000000,512,0,1,0,1,0,0,0,0
E,v53e_0110,250000000,512,0,1,0,1,0,0,0,0
E,v53e_0111,250000000,512,0,1,0,1,0,0,0,0
E,v53e_0112,250000000,512,0,1,0,1,0,0,0,0
E,v53e_0113,250000000,512,0,1,0,1,0,0,0,0
E,v53e_0114,250000000,512,0,1,0,1,0,0,0,0
E,v53e_0115,250000000,512,0,1,0,1,0,0,0,0
E,v53e_0116,250000000,512,0,1,0,1,0,0,0,0
E,v53e_0117,250000000,512,0,1,0,1,0,0,0,0
E,v53e_0118,250000000,512,0,1,0,1,0,0,0,0
E,v53e_0119,250000000,512,0,1,0,1,0,0,0,0
E,v53e_0120,250000000,512,0,1,0,1,0,0,0,0
E,v53e_0121,250000000,512,0,1,0,1,0,0,0,0
E,v53e_0122,250000000,512,0,1,0,1,0,0,0,0
E,v53e_0123,250000000,512,0,1,0,1,0,0,0,0
E,v53e_0124,250000000,512,0,1,0,1,0,0,0,0
E,v53e_0125,250000000,512,0,1,0,1,0,0,0,0
E,v53e_0126,250000000,512,0,1,0,1,0,0,0,0
E,v53e_0127,250000000,512,0,1,0,1,0,0,0,0
E,v53e_0128,250000000,512,0,1,0,1,0,0,0,0
E,v53e_0129,250000000,512,0,1,0,1,0,0,0,0
E,v53e_0130,250000000,512,0,1,0,1,0,0,0,0
E,v53e_0131,250000000,512,0,1,0,1,0,0,0,0
E,v53e_0132,250000000,512,0,1,0,1,0,0,0,0
E,v53e_0133,250000000,512,0,1,0,1,0,0,0,0
E,v53e_0134,250000000,512,0,1,0,1,0,0,0,0
E,v53e_0135,250000000,512,0,1,0,1,0,0,0,0
E,v53e_0136,250000000,512,0,1,0,1,0,0,0,0
E,v53e_0137,250000000,512,0,1,0,1,0,0,0,0
E,v53e_0138,250000000,512,0,1,0,1,0,0,0,0
E,v53e_0139,250000000,512,0,1,0,1,0,0,0,0
E,v53e_0140,250000000,512,0,1,0,1,0,0,0,0
E,v53e_0141,250000000,512,0,1,0,1,0,0,0,0
E,v53e_0142,250000000,512,0,1,0,1,0,0,0,0
E,v53e_0143,250000000,512,0,1,0,1,0,0,0,0
E,v53e_0144,250000000,512,0,1,0,1,0,0,0,0
E,v53e_0145,250000000,512,0,1,0,1,0,0,0,0
E,v53e_0146,250000000,512,0,1,0,1,0,0,0,0
E,v53e_0147,250000000,512,0,1,0,1,0,0,0,0
E,v53e_0148,250000000,512,0,1,0,1,0,0,0,0
E,v53e_0149,250000000,512,0,1,0,1,0,0,0,0
E,v53e_0150,250000000,512,0,1,0,1,0,0,0,0
E,v53e_0151,250000000,512,0,1,0,1,0,0,0,0
E,v53e_0152,250000000,512,0,1,0,1,0,0,0,0
E,v53e_0153,250000000,512,0,1,0,1,0,0,0,0
E,v53e_0154,250000000,512,0,1,0,1,0,0,0,0
E,v53e_0155,250000000,512,0,1,0,1,0,0,0,0
E,v53e_0156,250000000,512,0,1,0,1,0,0,0,0
E,v53e_0157,250000000,512,0,1,0,1,0,0,0,0
E,v53e_0158,250000000,512,0,1,0,1,0,0,0,0
E,v53e_0159,250000000,512,0,1,0,1,0,0,0,0
E,v53e_0160,250000000,512,0,1,0,1,0,0,0,0
E,v53e_0161,250000000,512,0,1,0,1,0,0,0,0
E,v53e_0162,250000000,512,0,1,0,1,0,0,0,0
E,v53e_0163,250000000,512,0,1,0,1,0,0,0,0
E,v53e_0164,250000000,512,0,1,0,1,0,0,0,0
E,v53e_0165,250000000,512,0,1,0,1,0,0,0,0
E,v53e_0166,250000000,512,0,1,0,1,0,0,0,0
E,v53e_0167,250000000,512,0,1,0,1,0,0,0,0
E,v53e_0168,250000000,512,0,1,0,1,0,0,0,0
E,v53e_0169,250000000,512,0,1,0,1,0,0,0,0
E,v53e_0170,250000000,512,0,1,0,1,0,0,0,0
E,v53e_0171,250000000,512,0,1,0,1,0,0,0,0
E,v53e_0172,250000000,512,0,1,0,1,0,0,0,0
E,v53e_0173,250000000,512,0,1,0,1,0,0,0,0
E,v53e_0174,250000000,512,0,1,0,1,0,0,0,0
E,v53e_0175,250000000,512,0,1,0,1,0,0,0,0
E,v53e_0176,250000000,512,0,1,0,1,0,0,0,0
E,v53e_0177,250000000,512,0,1,0,1,0,0,0,0
E,v53e_0178,250000000,512,0,1,0,1,0,0,0,0
E,v53e_0179,250000000,512,0,1,0,1,0,0,0,0
E,v53e_0180,250000000,512,0,1,0,1,0,0,0,0
E,v53e_0181,250000000,512,0,1,0,1,0,0,0,0
E,v53e_0182,250000000,512,0,1,0,1,0,0,0,0
E,v53e_0183,250000000,512,0,1,0,1,0,0,0,0
E,v53e_0184,250000000,512,0,1,0,1,0,0,0,0
E,v53e_0185,250000000,512,0,1,0,1,0,0,0,0
E,v53e_0186,250000000,512,0,1,0,1,0,0,0,0
E,v53e_0187,250000000,512,0,1,0,1,0,0,0,0
E,v53e_0188,250000000,512,0,1,0,1,0,0,0,0
E,v53e_0189,250000000,512,0,1,0,1,0,0,0,0
E,v53e_0190,250000000,512,0,1,0,1,0,0,0,0
E,v53e_0191,250000000,512,0,1,0,1,0,0,0,0
E,v53e_0192,250000000,512,0,1,0,1,0,0,0,0
E,v53e_0193,250000000,512,0,1,0,1,0,0,0,0
E,v53e_0194,250000000,512,0,1,0,1,0,0,0,0
E,v53e_0195,250000000,512,0,1,0,1,0,0,0,0
E,v53e_0196,250000000,512,0,1,0,1,0,0,0,0
E,v53e_0197,250000000,512,0,1,0,1,0,0,0,0
E,v53e_0198,250000000,512,0,1,0,1,0,0,0,0
E,v53e_0199,250000000,512,0,1,0,1,0,0,0,0
E,v53e_0200,250000000,512,0,1,0,1,0,0,0,0
E,v53e_0201,250000000,512,0,1,0,1,0,0,0,0
E,v53e_0202,250000000,512,0,1,0,1,0,0,0,0
E,v53e_0203,250000000,512,0,1,0,1,0,0,0,0
E,v53e_0204,250000000,512,0,1,0,1,0,0,0,0
E,v53e_0205,250000000,512,0,1,0,1,0,0,0,0
E,v53e_0206,250000000,512,0,1,0,1,0,0,0,0
E,v53e_0207,250000000,512,0,1,0,1,0,0,0,0
E,v53e_0208,250000000,512,0,1,0,1,0,0,0,0
E,v53e_0209,250000000,512,0,1,0,1,0,0,0,0
E,v53e_0210,250000000,512,0,1,0,1,0,0,0,0
E,v53e_0211,250000000,512,0,1,0,1,0,0,0,0
E,v53e_0212,250000000,512,0,1,0,1,0,0,0,0
E,v53e_0213,250000000,512,0,1,0,1,0,0,0,0
E,v53e_0214,250000000,512,0,1,0,1,0,0,0,0
E,v53e_0215,250000000,512,0,1,0,1,0,0,0,0
E,v53e_0216,250000000,512,0,1,0,1,0,0,0,0
E,v53e_0217,250000000,512,0,1,0,1,0,0,0,0
E,v53e_0218,250000000,512,0,1,0,1,0,0,0,0
E,v53e_0219,250000000,512,0,1,0,1,0,0,0,0
E,v53e_0220,250000000,512,0,1,0,1,0,0,0,0
E,v53e_0221,250000000,512,0,1,0,1,0,0,0,0
E,v53e_0222,250000000,512,0,1,0,1,0,0,0,0
E,v53e_0223,250000000,512,0,1,0,1,0,0,0,0
E,v53e_0224,250000000,512,0,1,0,1,0,0,0,0
E,v53e_0225,250000000,512,0,1,0,1,0,0,0,0
E,v53e_0226,250000000,512,0,1,0,1,0,0,0,0
E,v53e_0227,250000000,512,0,1,0,1,0,0,0,0
E,v53e_0228,250000000,512,0,1,0,1,0,0,0,0
E,v53e_0229,250000000,512,0,1,0,1,0,0,0,0
E,v53e_0230,250000000,512,0,1,0,1,0,0,0,0
E,v53e_0231,250000000,512,0,1,0,1,0,0,0,0
E,v53e_0232,250000000,512,0,1,0,1,0,0,0,0
E,v53e_0233,250000000,512,0,1,0,1,0,0,0,0
E,v53e_0234,250000000,512,0,1,0,1,0,0,0,0
E,v53e_0235,250000000,512,0,1,0,1,0,0,0,0
E,v53e_0236,250000000,512,0,1,0,1,0,0,0,0
E,v53e_0237,250000000,512,0,1,0,1,0,0,0,0
E,v53e_0238,250000000,512,0,1,0,1,0,0,0,0
E,v53e_0239,250000000,512,0,1,0,1,0,0,0,0
E,v53e_0240,250000000,512,0,1,0,1,0,0,0,0
E,v53e_0241,250000000,512,0,1,0,1,0,0,0,0
E,v53e_0242,250000000,512,0,1,0,1,0,0,0,0
E,v53e_0243,250000000,512,0,1,0,1,0,0,0,0
E,v53e_0244,250000000,512,0,1,0,1,0,0,0,0
E,v53e_0245,250000000,512,0,1,0,1,0,0,0,0
E,v53e_0246,250000000,512,0,1,0,1,0,0,0,0
E,v53e_0247,250000000,512,0,1,0,1,0,0,0,0
E,v53e_0248,250000000,512,0,1,0,1,0,0,0,0
E,v53e_0249,250000000,512,0,1,0,1,0,0,0,0
E,v53e_0250,250000000,512,0,1,0,1,0,0,0,0
E,v53e_0251,250000000,512,0,1,0,1,0,0,0,0
E,v53e_0252,250000000,512,0,1,0,1,0,0,0,0
E,v53e_0253,250000000,512,0,1,0,1,0,0,0,0
E,v53e_0254,250000000,512,0,1,0,1,0,0,0,0
E,v53e_0255,250000000,512,0,1,0,1,0,0,0,0
E,v53e_0256,250000000,512,0,1,0,1,0,0,0,0
E,v53e_0257,250000000,512,0,1,0,1,0,0,0,0
E,v53e_0258,250000000,512,0,1,0,1,0,0,0,0
E,v53e_0259,250000000,512,0,1,0,1,0,0,0,0
E,v53e_0260,250000000,512,0,1,0,1,0,0,0,0
E,v53e_0261,250000000,512,0,1,0,1,0,0,0,0
E,v53e_0262,250000000,512,0,1,0,1,0,0,0,0
E,v53e_0263,250000000,512,0,1,0,1,0,0,0,0
E,v53e_0264,250000000,512,0,1,0,1,0,0,0,0
E,v53e_0265,250000000,512,0,1,0,1,0,0,0,0
E,v53e_0266,250000000,512,0,1,0,1,0,0,0,0
E,v53e_0267,250000000,512,0,1,0,1,0,0,0,0
E,v53e_0268,250000000,512,0,1,0,1,0,0,0,0
E,v53e_0269,250000000,512,0,1,0,1,0,0,0,0
E,v53e_0270,250000000,512,0,1,0,1,0,0,0,0
E,v53e_0271,250000000,512,0,1,0,1,0,0,0,0
E,v53e_0272,250000000,512,0,1,0,1,0,0,0,0
E,v53e_0273,250000000,512,0,1,0,1,0,0,0,0
E,v53e_0274,250000000,512,0,1,0,1,0,0,0,0
E,v53e_0275,250000000,512,0,1,0,1,0,0,0,0
E,v53e_0276,250000000,512,0,1,0,1,0,0,0,0
E,v53e_0277,250000000,512,0,1,0,1,0,0,0,0
E,v53e_0278,250000000,512,0,1,0,1,0,0,0,0
E,v53e_0279,250000000,512,0,1,0,1,0,0,0,0
E,v53e_0280,250000000,512,0,1,0,1,0,0,0,0
E,v53e_0281,250000000,512,0,1,0,1,0,0,0,0
E,v53e_0282,250000000,512,0,1,0,1,0,0,0,0
E,v53e_0283,250000000,512,0,1,0,1,0,0,0,0
E,v53e_0284,250000000,512,0,1,0,1,0,0,0,0
E,v53e_0285,250000000,512,0,1,0,1,0,0,0,0
E,v53e_0286,250000000,512,0,1,0,1,0,0,0,0
E,v53e_0287,250000000,512,0,1,0,1,0,0,0,0
E,v53e_0288,250000000,512,0,1,0,1,0,0,0,0
E,v53e_0289,250000000,512,0,1,0,1,0,0,0,0
E,v53e_0290,250000000,512,0,1,0,1,0,0,0,0
E,v53e_0291,250000000,512,0,1,0,1,0,0,0,0
E,v53e_0292,250000000,512,0,1,0,1,0,0,0,0
E,v53e_0293,250000000,512,0,1,0,1,0,0,0,0
E,v53e_0294,250000000,512,0,1,0,1,0,0,0,0
E,v53e_0295,250000000,512,0,1,0,1,0,0,0,0
E,v53e_0296,250000000,512,0,1,0,1,0,0,0,0
E,v53e_0297,250000000,512,0,1,0,1,0,0,0,0
E,v53e_0298,250000000,512,0,1,0,1,0,0,0,0
E,v53e_0299,250000000,512,0,1,0,1,0,0,0,0
E,v53e_0300,250000000,512,0,1,0,1,0,0,0,0
E,v53e_0301,250000000,512,0,1,0,1,0,0,0,0
E,v53e_0302,250000000,512,0,1,0,1,0,0,0,0
E,v53e_0303,250000000,512,0,1,0,1,0,0,0,0
E,v53e_0304,250000000,512,0,1,0,1,0,0,0,0
E,v53e_0305,250000000,512,0,1,0,1,0,0,0,0
E,v53e_0306,250000000,512,0,1,0,1,0,0,0,0
E,v53e_0307,250000000,512,0,1,0,1,0,0,0,0
E,v53e_0308,250000000,512,0,1,0,1,0,0,0,0
E,v53e_0309,250000000,512,0,1,0,1,0,0,0,0
E,v53e_0310,250000000,512,0,1,0,1,0,0,0,0
E,v53e_0311,250000000,512,0,1,0,1,0,0,0,0
E,v53e_0312,250000000,512,0,1,0,1,0,0,0,0
E,v53e_0313,250000000,512,0,1,0,1,0,0,0,0
E,v53e_0314,250000000,512,0,1,0,1,0,0,0,0
E,v53e_0315,250000000,512,0,1,0,1,0,0,0,0
E,v53e_0316,250000000,512,0,1,0,1,0,0,0,0
E,v53e_0317,250000000,512,0,1,0,1,0,0,0,0
E,v53e_0318,250000000,512,0,1,0,1,0,0,0,0
E,v53e_0319,250000000,512,0,1,0,1,0,0,0,0
E,v53e_0320,250000000,512,0,1,0,1,0,0,0,0
E,v53e_0321,250000000,512,0,1,0,1,0,0,0,0
E,v53e_0322,250000000,512,0,1,0,1,0,0,0,0
E,v53e_0323,250000000,512,0,1,0,1,0,0,0,0
E,v53e_0324,250000000,512,0,1,0,1,0,0,0,0
E,v53e_0325,250000000,512,0,1,0,1,0,0,0,0
E,v53e_0326,250000000,512,0,1,0,1,0,0,0,0
E,v53e_0327,250000000,512,0,1,0,1,0,0,0,0
E,v53e_0328,250000000,512,0,1,0,1,0,0,0,0
E,v53e_0329,250000000,512,0,1,0,1,0,0,0,0
E,v53e_0330,250000000,512,0,1,0,1,0,0,0,0
E,v53e_0331,250000000,512,0,1,0,1,0,0,0,0
E,v53e_0332,250000000,512,0,1,0,1,0,0,0,0
E,v53e_0333,250000000,512,0,1,0,1,0,0,0,0
E,v53e_0334,250000000,512,0,1,0,1,0,0,0,0
E,v53e_0335,250000000,512,0,1,0,1,0,0,0,0
E,v53e_0336,250000000,512,0,1,0,1,0,0,0,0
E,v53e_0337,250000000,512,0,1,0,1,0,0,0,0
E,v53e_0338,250000000,512,0,1,0,1,0,0,0,0
E,v53e_0339,250000000,512,0,1,0,1,0,0,0,0
E,v53e_0340,250000000,512,0,1,0,1,0,0,0,0
E,v53e_0341,250000000,512,0,1,0,1,0,0,0,0
E,v53e_0342,250000000,512,0,1,0,1,0,0,0,0
E,v53e_0343,250000000,512,0,1,0,1,0,0,0,0
E,v53e_0344,250000000,512,0,1,0,1,0,0,0,0
E,v53e_0345,250000000,512,0,1,0,1,0,0,0,0
E,v53e_0346,250000000,512,0,1,0,1,0,0,0,0
E,v53e_0347,250000000,512,0,1,0,1,0,0,0,0
E,v53e_0348,250000000,512,0,1,0,1,0,0,0,0
E,v53e_0349,250000000,512,0,1,0,1,0,0,0,0
E,v53e_0350,250000000,512,0,1,0,1,0,0,0,0
E,v53e_0351,250000000,512,0,1,0,1,0,0,0,0
E,v53e_0352,250000000,512,0,1,0,1,0,0,0,0
E,v53e_0353,250000000,512,0,1,0,1,0,0,0,0
E,v53e_0354,250000000,512,0,1,0,1,0,0,0,0
E,v53e_0355,250000000,512,0,1,0,1,0,0,0,0
E,v53e_0356,250000000,512,0,1,0,1,0,0,0,0
E,v53e_0357,250000000,512,0,1,0,1,0,0,0,0
E,v53e_0358,250000000,512,0,1,0,1,0,0,0,0
E,v53e_0359,250000000,512,0,1,0,1,0,0,0,0
E,v53e_0360,250000000,512,0,1,0,1,0,0,0,0
E,v53e_0361,250000000,512,0,1,0,1,0,0,0,0
E,v53e_0362,250000000,512,0,1,0,1,0,0,0,0
E,v53e_0363,250000000,512,0,1,0,1,0,0,0,0
E,v53e_0364,250000000,512,0,1,0,1,0,0,0,0
E,v53e_0365,250000000,512,0,1,0,1,0,0,0,0
E,v53e_0366,250000000,512,0,1,0,1,0,0,0,0
E,v53e_0367,250000000,512,0,1,0,1,0,0,0,0
E,v53e_0368,250000000,512,0,1,0,1,0,0,0,0
E,v53e_0369,250000000,512,0,1,0,1,0,0,0,0
E,v53e_0370,250000000,512,0,1,0,1,0,0,0,0
E,v53e_0371,250000000,512,0,1,0,1,0,0,0,0
E,v53e_0372,250000000,512,0,1,0,1,0,0,0,0
E,v53e_0373,250000000,512,0,1,0,1,0,0,0,0
E,v53e_0374,250000000,512,0,1,0,1,0,0,0,0
E,v53e_0375,250000000,512,0,1,0,1,0,0,0,0
E,v53e_0376,250000000,512,0,1,0,1,0,0,0,0
E,v53e_0377,250000000,512,0,1,0,1,0,0,0,0
E,v53e_0378,250000000,512,0,1,0,1,0,0,0,0
E,v53e_0379,250000000,512,0,1,0,1,0,0,0,0
E,v53e_0380,250000000,512,0,1,0,1,0,0,0,0
E,v53e_0381,250000000,512,0,1,0,1,0,0,0,0
E,v53e_0382,250000000,512,0,1,0,1,0,0,0,0
E,v53e_0383,250000000,512,0,1,0,1,0,0,0,0
E,v53e_0384,250000000,512,0,1,0,1,0,0,0,0
E,v53e_0385,250000000,512,0,1,0,1,0,0,0,0
E,v53e_0386,250000000,512,0,1,0,1,0,0,0,0
E,v53e_0387,250000000,512,0,1,0,1,0,0,0,0
E,v53e_0388,250000000,512,0,1,0,1,0,0,0,0
E,v53e_0389,250000000,512,0,1,0,1,0,0,0,0
E,v53e_0390,250000000,512,0,1,0,1,0,0,0,0
E,v53e_0391,250000000,512,0,1,0,1,0,0,0,0
E,v53e_0392,250000000,512,0,1,0,1,0,0,0,0
E,v53e_0393,250000000,512,0,1,0,1,0,0,0,0
E,v53e_0394,250000000,512,0,1,0,1,0,0,0,0
E,v53e_0395,250000000,512,0,1,0,1,0,0,0,0
E,v53e_0396,250000000,512,0,1,0,1,0,0,0,0
E,v53e_0397,250000000,512,0,1,0,1,0,0,0,0
E,v53e_0398,250000000,512,0,1,0,1,0,0,0,0
E,v53e_0399,250000000,512,0,1,0,1,0,0,0,0
E,v53e_0400,250000000,512,0,1,0,1,0,0,0,0
E,v53e_0401,250000000,512,0,1,0,1,0,0,0,0
E,v53e_0402,250000000,512,0,1,0,1,0,0,0,0
E,v53e_0403,250000000,512,0,1,0,1,0,0,0,0
E,v53e_0404,250000000,512,0,1,0,1,0,0,0,0
E,v53e_0405,250000000,512,0,1,0,1,0,0,0,0
E,v53e_0406,250000000,512,0,1,0,1,0,0,0,0
E,v53e_0407,250000000,512,0,1,0,1,0,0,0,0
E,v53e_0408,250000000,512,0,1,0,1,0,0,0,0
E,v53e_0409,250000000,512,0,1,0,1,0,0,0,0
E,v53e_0410,250000000,512,0,1,0,1,0,0,0,0
E,v53e_0411,250000000,512,0,1,0,1,0,0,0,0
E,v53e_0412,250000000,512,0,1,0,1,0,0,0,0
E,v53e_0413,250000000,512,0,1,0,1,0,0,0,0
E,v53e_0414,250000000,512,0,1,0,1,0,0,0,0
E,v53e_0415,250000000,512,0,1,0,1,0,0,0,0
E,v53e_0416,250000000,512,0,1,0,1,0,0,0,0
E,v53e_0417,250000000,512,0,1,0,1,0,0,0,0
E,v53e_0418,250000000,512,0,1,0,1,0,0,0,0
E,v53e_0419,250000000,512,0,1,0,1,0,0,0,0
E,v53e_0420,250000000,512,0,1,0,1,0,0,0,0
E,v53e_0421,250000000,512,0,1,0,1,0,0,0,0
E,v53e_0422,250000000,512,0,1,0,1,0,0,0,0
E,v53e_0423,250000000,512,0,1,0,1,0,0,0,0
E,v53e_0424,250000000,512,0,1,0,1,0,0,0,0
E,v53e_0425,250000000,512,0,1,0,1,0,0,0,0
E,v53e_0426,250000000,512,0,1,0,1,0,0,0,0
E,v53e_0427,250000000,512,0,1,0,1,0,0,0,0
E,v53e_0428,250000000,512,0,1,0,1,0,0,0,0
E,v53e_0429,250000000,512,0,1,0,1,0,0,0,0
E,v53e_0430,250000000,512,0,1,0,1,0,0,0,0
E,v53e_0431,250000000,512,0,1,0,1,0,0,0,0
E,v53e_0432,250000000,512,0,1,0,1,0,0,0,0
E,v53e_0433,250000000,512,0,1,0,1,0,0,0,0
E,v53e_0434,250000000,512,0,1,0,1,0,0,0,0
E,v53e_0435,250000000,512,0,1,0,1,0,0,0,0
E,v53e_0436,250000000,512,0,1,0,1,0,0,0,0
E,v53e_0437,250000000,512,0,1,0,1,0,0,0,0
E,v53e_0438,250000000,512,0,1,0,1,0,0,0,0
E,v53e_0439,250000000,512,0,1,0,1,0,0,0,0
E,v53e_0440,250000000,512,0,1,0,1,0,0,0,0
E,v53e_0441,250000000,512,0,1,0,1,0,0,0,0
E,v53e_0442,250000000,512,0,1,0,1,0,0,0,0
E,v53e_0443,250000000,512,0,1,0,1,0,0,0,0
E,v53e_0444,250000000,512,0,1,0,1,0,0,0,0
E,v53e_0445,250000000,512,0,1,0,1,0,0,0,0
E,v53e_0446,250000000,512,0,1,0,1,0,0,0,0
E,v53e_0447,250000000,512,0,1,0,1,0,0,0,0
E,v53e_0448,250000000,512,0,1,0,1,0,0,0,0
E,v53e_0449,250000000,512,0,1,0,1,0,0,0,0
E,v53e_0450,250000000,512,0,1,0,1,0,0,0,0
E,v53e_0451,250000000,512,0,1,0,1,0,0,0,0
E,v53e_0452,250000000,512,0,1,0,1,0,0,0,0
E,v53e_0453,250000000,512,0,1,0,1,0,0,0,0
E,v53e_0454,250000000,512,0,1,0,1,0,0,0,0
E,v53e_0455,250000000,512,0,1,0,1,0,0,0,0
E,v53e_0456,250000000,512,0,1,0,1,0,0,0,0
E,v53e_0457,250000000,512,0,1,0,1,0,0,0,0
E,v53e_0458,250000000,512,0,1,0,1,0,0,0,0
E,v53e_0459,250000000,512,0,1,0,1,0,0,0,0
E,v53e_0460,250000000,512,0,1,0,1,0,0,0,0
E,v53e_0461,250000000,512,0,1,0,1,0,0,0,0
E,v53e_0462,250000000,512,0,1,0,1,0,0,0,0
E,v53e_0463,250000000,512,0,1,0,1,0,0,0,0
E,v53e_0464,250000000,512,0,1,0,1,0,0,0,0
E,v53e_0465,250000000,512,0,1,0,1,0,0,0,0
E,v53e_0466,250000000,512,0,1,0,1,0,0,0,0
E,v53e_0467,250000000,512,0,1,0,1,0,0,0,0
E,v53e_0468,250000000,512,0,1,0,1,0,0,0,0
E,v53e_0469,250000000,512,0,1,0,1,0,0,0,0
E,v53e_0470,250000000,512,0,1,0,1,0,0,0,0
E,v53e_0471,250000000,512,0,1,0,1,0,0,0,0
E,v53e_0472,250000000,512,0,1,0,1,0,0,0,0
E,v53e_0473,250000000,512,0,1,0,1,0,0,0,0
E,v53e_0474,250000000,512,0,1,0,1,0,0,0,0
E,v53e_0475,250000000,512,0,1,0,1,0,0,0,0
E,v53e_0476,250000000,512,0,1,0,1,0,0,0,0
E,v53e_0477,250000000,512,0,1,0,1,0,0,0,0
E,v53e_0478,250000000,512,0,1,0,1,0,0,0,0
E,v53e_0479,250000000,512,0,1,0,1,0,0,0,0
E,v53e_0480,250000000,512,0,1,0,1,0,0,0,0
E,v53e_0481,250000000,512,0,1,0,1,0,0,0,0
E,v53e_0482,250000000,512,0,1,0,1,0,0,0,0
E,v53e_0483,250000000,512,0,1,0,1,0,0,0,0
E,v53e_0484,250000000,512,0,1,0,1,0,0,0,0
E,v53e_0485,250000000,512,0,1,0,1,0,0,0,0
E,v53e_0486,250000000,512,0,1,0,1,0,0,0,0
E,v53e_0487,250000000,512,0,1,0,1,0,0,0,0
E,v53e_0488,250000000,512,0,1,0,1,0,0,0,0
E,v53e_0489,250000000,512,0,1,0,1,0,0,0,0
E,v53e_0490,250000000,512,0,1,0,1,0,0,0,0
E,v53e_0491,250000000,512,0,1,0,1,0,0,0,0
E,v53e_0492,250000000,512,0,1,0,1,0,0,0,0
E,v53e_0493,250000000,512,0,1,0,1,0,0,0,0
E,v53e_0494,250000000,512,0,1,0,1,0,0,0,0
E,v53e_0495,250000000,512,0,1,0,1,0,0,0,0
E,v53e_0496,250000000,512,0,1,0,1,0,0,0,0
E,v53e_0497,250000000,512,0,1,0,1,0,0,0,0
E,v53e_0498,250000000,512,0,1,0,1,0,0,0,0
E,v53e_0499,250000000,512,0,1,0,1,0,0,0,0
E,v53e_0500,250000000,512,0,1,0,1,0,0,0,0
E,v53e_0501,250000000,512,0,1,0,1,0,0,0,0
E,v53e_0502,250000000,512,0,1,0,1,0,0,0,0
E,v53e_0503,250000000,512,0,1,0,1,0,0,0,0
E,v53e_0504,250000000,512,0,1,0,1,0,0,0,0
E,v53e_0505,250000000,512,0,1,0,1,0,0,0,0
E,v53e_0506,250000000,512,0,1,0,1,0,0,0,0
E,v53e_0507,250000000,512,0,1,0,1,0,0,0,0
E,v53e_0508,250000000,512,0,1,0,1,0,0,0,0
E,v53e_0509,250000000,512,0,1,0,1,0,0,0,0
E,v53e_0510,250000000,512,0,1,0,1,0,0,0,0
E,v53e_0511,250000000,512,0,1,0,1,0,0,0,0
E,v53e_0512,250000000,512,0,1,0,1,0,0,0,0
E,v53e_0513,250000000,512,0,1,0,1,0,0,0,0
E,v53e_0514,250000000,512,0,1,0,1,0,0,0,0
E,v53e_0515,250000000,512,0,1,0,1,0,0,0,0
E,v53e_0516,250000000,512,0,1,0,1,0,0,0,0
E,v53e_0517,250000000,512,0,1,0,1,0,0,0,0
E,v53e_0518,250000000,512,0,1,0,1,0,0,0,0
E,v53e_0519,250000000,512,0,1,0,1,0,0,0,0
E,v53e_0520,250000000,512,0,1,0,1,0,0,0,0
E,v53e_0521,250000000,512,0,1,0,1,0,0,0,0
E,v53e_0522,250000000,512,0,1,0,1,0,0,0,0
E,v53e_0523,250000000,512,0,1,0,1,0,0,0,0
E,v53e_0524,250000000,512,0,1,0,1,0,0,0,0
E,v53e_0525,250000000,512,0,1,0,1,0,0,0,0
E,v53e_0526,250000000,512,0,1,0,1,0,0,0,0
E,v53e_0527,250000000,512,0,1,0,1,0,0,0,0
E,v53e_0528,250000000,512,0,1,0,1,0,0,0,0
E,v53e_0529,250000000,512,0,1,0,1,0,0,0,0
E,v53e_0530,250000000,512,0,1,0,1,0,0,0,0
E,v53e_0531,250000000,512,0,1,0,1,0,0,0,0
E,v53e_0532,250000000,512,0,1,0,1,0,0,0,0
E,v53e_0533,250000000,512,0,1,0,1,0,0,0,0
E,v53e_0534,250000000,512,0,1,0,1,0,0,0,0
E,v53e_0535,250000000,512,0,1,0,1,0,0,0,0
E,v53e_0536,250000000,512,0,1,0,1,0,0,0,0
E,v53e_0537,250000000,512,0,1,0,1,0,0,0,0
E,v53e_0538,250000000,512,0,1,0,1,0,0,0,0
E,v53e_0539,250000000,512,0,1,0,1,0,0,0,0
E,v53e_0540,250000000,512,0,1,0,1,0,0,0,0
E,v53e_0541,250000000,512,0,1,0,1,0,0,0,0
E,v53e_0542,250000000,512,0,1,0,1,0,0,0,0
E,v53e_0543,250000000,512,0,1,0,1,0,0,0,0
E,v53e_0544,250000000,512,0,1,0,1,0,0,0,0
E,v53e_0545,250000000,512,0,1,0,1,0,0,0,0
E,v53e_0546,250000000,512,0,1,0,1,0,0,0,0
E,v53e_0547,250000000,512,0,1,0,1,0,0,0,0
E,v53e_0548,250000000,512,0,1,0,1,0,0,0,0
E,v53e_0549,250000000,512,0,1,0,1,0,0,0,0
E,v53e_0550,250000000,512,0,1,0,1,0,0,0,0
E,v53e_0551,250000000,512,0,1,0,1,0,0,0,0
E,v53e_0552,250000000,512,0,1,0,1,0,0,0,0
E,v53e_0553,250000000,512,0,1,0,1,0,0,0,0
E,v53e_0554,250000000,512,0,1,0,1,0,0,0,0
E,v53e_0555,250000000,512,0,1,0,1,0,0,0,0
E,v53e_0556,250000000,512,0,1,0,1,0,0,0,0
E,v53e_0557,250000000,512,0,1,0,1,0,0,0,0
E,v53e_0558,250000000,512,0,1,0,1,0,0,0,0
E,v53e_0559,250000000,512,0,1,0,1,0,0,0,0
E,v53e_0560,250000000,512,0,1,0,1,0,0,0,0
E,v53e_0561,250000000,512,0,1,0,1,0,0,0,0
E,v53e_0562,250000000,512,0,1,0,1,0,0,0,0
E,v53e_0563,250000000,512,0,1,0,1,0,0,0,0
E,v53e_0564,250000000,512,0,1,0,1,0,0,0,0
E,v53e_0565,250000000,512,0,1,0,1,0,0,0,0
E,v53e_0566,250000000,512,0,1,0,1,0,0,0,0
E,v53e_0567,250000000,512,0,1,0,1,0,0,0,0
E,v53e_0568,250000000,512,0,1,0,1,0,0,0,0
E,v53e_0569,250000000,512,0,1,0,1,0,0,0,0
E,v53e_0570,250000000,512,0,1,0,1,0,0,0,0
E,v53e_0571,250000000,512,0,1,0,1,0,0,0,0
E,v53e_0572,250000000,512,0,1,0,1,0,0,0,0
E,v53e_0573,250000000,512,0,1,0,1,0,0,0,0
E,v53e_0574,250000000,512,0,1,0,1,0,0,0,0
E,v53e_0575,250000000,512,0,1,0,1,0,0,0,0
E,v53e_0576,250000000,512,0,1,0,1,0,0,0,0
E,v53e_0577,250000000,512,0,1,0,1,0,0,0,0
E,v53e_0578,250000000,512,0,1,0,1,0,0,0,0
E,v53e_0579,250000000,512,0,1,0,1,0,0,0,0
E,v53e_0580,250000000,512,0,1,0,1,0,0,0,0
E,v53e_0581,250000000,512,0,1,0,1,0,0,0,0
E,v53e_0582,250000000,512,0,1,0,1,0,0,0,0
E,v53e_0583,250000000,512,0,1,0,1,0,0,0,0
E,v53e_0584,250000000,512,0,1,0,1,0,0,0,0
E,v53e_0585,250000000,512,0,1,0,1,0,0,0,0
E,v53e_0586,250000000,512,0,1,0,1,0,0,0,0
E,v53e_0587,250000000,512,0,1,0,1,0,0,0,0
E,v53e_0588,250000000,512,0,1,0,1,0,0,0,0
E,v53e_0589,250000000,512,0,1,0,1,0,0,0,0
E,v53e_0590,250000000,512,0,1,0,1,0,0,0,0
E,v53e_0591,250000000,512,0,1,0,1,0,0,0,0
E,v53e_0592,250000000,512,0,1,0,1,0,0,0,0
E,v53e_0593,250000000,512,0,1,0,1,0,0,0,0
E,v53e_0594,250000000,512,0,1,0,1,0,0,0,0
E,v53e_0595,250000000,512,0,1,0,1,0,0,0,0
E,v53e_0596,250000000,512,0,1,0,1,0,0,0,0
E,v53e_0597,250000000,512,0,1,0,1,0,0,0,0
E,v53e_0598,250000000,512,0,1,0,1,0,0,0,0
E,v53e_0599,250000000,512,0,1,0,1,0,0,0,0
E,v53e_0600,250000000,512,0,1,0,1,0,0,0,0
E,v53e_0601,250000000,512,0,1,0,1,0,0,0,0
E,v53e_0602,250000000,512,0,1,0,1,0,0,0,0
E,v53e_0603,250000000,512,0,1,0,1,0,0,0,0
E,v53e_0604,250000000,512,0,1,0,1,0,0,0,0
E,v53e_0605,250000000,512,0,1,0,1,0,0,0,0
E,v53e_0606,250000000,512,0,1,0,1,0,0,0,0
E,v53e_0607,250000000,512,0,1,0,1,0,0,0,0
E,v53e_0608,250000000,512,0,1,0,1,0,0,0,0
E,v53e_0609,250000000,512,0,1,0,1,0,0,0,0
E,v53e_0610,250000000,512,0,1,0,1,0,0,0,0
E,v53e_0611,250000000,512,0,1,0,1,0,0,0,0
E,v53e_0612,250000000,512,0,1,0,1,0,0,0,0
E,v53e_0613,250000000,512,0,1,0,1,0,0,0,0
E,v53e_0614,250000000,512,0,1,0,1,0,0,0,0
E,v53e_0615,250000000,512,0,1,0,1,0,0,0,0
E,v53e_0616,250000000,512,0,1,0,1,0,0,0,0
E,v53e_0617,250000000,512,0,1,0,1,0,0,0,0
E,v53e_0618,250000000,512,0,1,0,1,0,0,0,0
E,v53e_0619,250000000,512,0,1,0,1,0,0,0,0
E,v53e_0620,250000000,512,0,1,0,1,0,0,0,0
E,v53e_0621,250000000,512,0,1,0,1,0,0,0,0
E,v53e_0622,250000000,512,0,1,0,1,0,0,0,0
E,v53e_0623,250000000,512,0,1,0,1,0,0,0,0
E,v53e_0624,250000000,512,0,1,0,1,0,0,0,0
E,v53e_0625,250000000,512,0,1,0,1,0,0,0,0
E,v53e_0626,250000000,512,0,1,0,1,0,0,0,0
E,v53e_0627,250000000,512,0,1,0,1,0,0,0,0
E,v53e_0628,250000000,512,0,1,0,1,0,0,0,0
E,v53e_0629,250000000,512,0,1,0,1,0,0,0,0
E,v53e_0630,250000000,512,0,1,0,1,0,0,0,0
E,v53e_0631,250000000,512,0,1,0,1,0,0,0,0
E,v53e_0632,250000000,512,0,1,0,1,0,0,0,0
E,v53e_0633,250000000,512,0,1,0,1,0,0,0,0
E,v53e_0634,250000000,512,0,1,0,1,0,0,0,0
E,v53e_0635,250000000,512,0,1,0,1,0,0,0,0
E,v53e_0636,250000000,512,0,1,0,1,0,0,0,0
E,v53e_0637,250000000,512,0,1,0,1,0,0,0,0
E,v53e_0638,250000000,512,0,1,0,1,0,0,0,0
E,v53e_0639,250000000,512,0,1,0,1,0,0,0,0
E,v53e_0640,250000000,512,0,1,0,1,0,0,0,0
E,v53e_0641,250000000,512,0,1,0,1,0,0,0,0
E,v53e_0642,250000000,512,0,1,0,1,0,0,0,0
E,v53e_0643,250000000,512,0,1,0,1,0,0,0,0
E,v53e_0644,250000000,512,0,1,0,1,0,0,0,0
E,v53e_0645,250000000,512,0,1,0,1,0,0,0,0
E,v53e_0646,250000000,512,0,1,0,1,0,0,0,0
E,v53e_0647,250000000,512,0,1,0,1,0,0,0,0
E,v53e_0648,250000000,512,0,1,0,1,0,0,0,0
E,v53e_0649,250000000,512,0,1,0,1,0,0,0,0
E,v53e_0650,250000000,512,0,1,0,1,0,0,0,0
E,v53e_0651,250000000,512,0,1,0,1,0,0,0,0
E,v53e_0652,250000000,512,0,1,0,1,0,0,0,0
E,v53e_0653,250000000,512,0,1,0,1,0,0,0,0
E,v53e_0654,250000000,512,0,1,0,1,0,0,0,0
E,v53e_0655,250000000,512,0,1,0,1,0,0,0,0
E,v53e_0656,250000000,512,0,1,0,1,0,0,0,0
E,v53e_0657,250000000,512,0,1,0,1,0,0,0,0
E,v53e_0658,250000000,512,0,1,0,1,0,0,0,0
E,v53e_0659,250000000,512,0,1,0,1,0,0,0,0
E,v53e_0660,250000000,512,0,1,0,1,0,0,0,0
E,v53e_0661,250000000,512,0,1,0,1,0,0,0,0
E,v53e_0662,250000000,512,0,1,0,1,0,0,0,0
E,v53e_0663,250000000,512,0,1,0,1,0,0,0,0
E,v53e_0664,250000000,512,0,1,0,1,0,0,0,0
E,v53e_0665,250000000,512,0,1,0,1,0,0,0,0
E,v53e_0666,250000000,512,0,1,0,1,0,0,0,0
E,v53e_0667,250000000,512,0,1,0,1,0,0,0,0
E,v53e_0668,250000000,512,0,1,0,1,0,0,0,0
E,v53e_0669,250000000,512,0,1,0,1,0,0,0,0
E,v53e_0670,250000000,512,0,1,0,1,0,0,0,0
E,v53e_0671,250000000,512,0,1,0,1,0,0,0,0
E,v53e_0672,250000000,512,0,1,0,1,0,0,0,0
E,v53e_0673,250000000,512,0,1,0,1,0,0,0,0
E,v53e_0674,250000000,512,0,1,0,1,0,0,0,0
E,v53e_0675,250000000,512,0,1,0,1,0,0,0,0
E,v53e_0676,250000000,512,0,1,0,1,0,0,0,0
E,v53e_0677,250000000,512,0,1,0,1,0,0,0,0
E,v53e_0678,250000000,512,0,1,0,1,0,0,0,0
E,v53e_0679,250000000,512,0,1,0,1,0,0,0,0
E,v53e_0680,250000000,512,0,1,0,1,0,0,0,0
E,v53e_0681,250000000,512,0,1,0,1,0,0,0,0
E,v53e_0682,250000000,512,0,1,0,1,0,0,0,0
E,v53e_0683,250000000,512,0,1,0,1,0,0,0,0
E,v53e_0684,250000000,512,0,1,0,1,0,0,0,0
E,v53e_0685,250000000,512,0,1,0,1,0,0,0,0
E,v53e_0686,250000000,512,0,1,0,1,0,0,0,0
E,v53e_0687,250000000,512,0,1,0,1,0,0,0,0
E,v53e_0688,250000000,512,0,1,0,1,0,0,0,0
E,v53e_0689,250000000,512,0,1,0,1,0,0,0,0
E,v53e_0690,250000000,512,0,1,0,1,0,0,0,0
E,v53e_0691,250000000,512,0,1,0,1,0,0,0,0
E,v53e_0692,250000000,512,0,1,0,1,0,0,0,0
E,v53e_0693,250000000,512,0,1,0,1,0,0,0,0
E,v53e_0694,250000000,512,0,1,0,1,0,0,0,0
E,v53e_0695,250000000,512,0,1,0,1,0,0,0,0
E,v53e_0696,250000000,512,0,1,0,1,0,0,0,0
E,v53e_0697,250000000,512,0,1,0,1,0,0,0,0
E,v53e_0698,250000000,512,0,1,0,1,0,0,0,0
E,v53e_0699,250000000,512,0,1,0,1,0,0,0,0
E,v53e_0700,250000000,512,0,1,0,1,0,0,0,0
E,v53e_0701,250000000,512,0,1,0,1,0,0,0,0
E,v53e_0702,250000000,512,0,1,0,1,0,0,0,0
E,v53e_0703,250000000,512,0,1,0,1,0,0,0,0
E,v53e_0704,250000000,512,0,1,0,1,0,0,0,0
E,v53e_0705,250000000,512,0,1,0,1,0,0,0,0
E,v53e_0706,250000000,512,0,1,0,1,0,0,0,0
E,v53e_0707,250000000,512,0,1,0,1,0,0,0,0
E,v53e_0708,250000000,512,0,1,0,1,0,0,0,0
E,v53e_0709,250000000,512,0,1,0,1,0,0,0,0
E,v53e_0710,250000000,512,0,1,0,1,0,0,0,0
E,v53e_0711,250000000,512,0,1,0,1,0,0,0,0
E,v53e_0712,250000000,512,0,1,0,1,0,0,0,0
E,v53e_0713,250000000,512,0,1,0,1,0,0,0,0
E,v53e_0714,250000000,512,0,1,0,1,0,0,0,0
E,v53e_0715,250000000,512,0,1,0,1,0,0,0,0
E,v53e_0716,250000000,512,0,1,0,1,0,0,0,0
E,v53e_0717,250000000,512,0,1,0,1,0,0,0,0
E,v53e_0718,250000000,512,0,1,0,1,0,0,0,0
E,v53e_0719,250000000,512,0,1,0,1,0,0,0,0
E,v53e_0720,250000000,512,0,1,0,1,0,0,0,0
E,v53e_0721,250000000,512,0,1,0,1,0,0,0,0
E,v53e_0722,250000000,512,0,1,0,1,0,0,0,0
E,v53e_0723,250000000,512,0,1,0,1,0,0,0,0
E,v53e_0724,250000000,512,0,1,0,1,0,0,0,0
E,v53e_0725,250000000,512,0,1,0,1,0,0,0,0
E,v53e_0726,250000000,512,0,1,0,1,0,0,0,0
E,v53e_0727,250000000,512,0,1,0,1,0,0,0,0
E,v53e_0728,250000000,512,0,1,0,1,0,0,0,0
E,v53e_0729,250000000,512,0,1,0,1,0,0,0,0
E,v53e_0730,250000000,512,0,1,0,1,0,0,0,0
E,v53e_0731,250000000,512,0,1,0,1,0,0,0,0
E,v53e_0732,250000000,512,0,1,0,1,0,0,0,0
E,v53e_0733,250000000,512,0,1,0,1,0,0,0,0
E,v53e_0734,250000000,512,0,1,0,1,0,0,0,0
E,v53e_0735,250000000,512,0,1,0,1,0,0,0,0
E,v53e_0736,250000000,512,0,1,0,1,0,0,0,0
E,v53e_0737,250000000,512,0,1,0,1,0,0,0,0
E,v53e_0738,250000000,512,0,1,0,1,0,0,0,0
E,v53e_0739,250000000,512,0,1,0,1,0,0,0,0
E,v53e_0740,250000000,512,0,1,0,1,0,0,0,0
E,v53e_0741,250000000,512,0,1,0,1,0,0,0,0
E,v53e_0742,250000000,512,0,1,0,1,0,0,0,0
E,v53e_0743,250000000,512,0,1,0,1,0,0,0,0
E,v53e_0744,250000000,512,0,1,0,1,0,0,0,0
E,v53e_0745,250000000,512,0,1,0,1,0,0,0,0
E,v53e_0746,250000000,512,0,1,0,1,0,0,0,0
E,v53e_0747,250000000,512,0,1,0,1,0,0,0,0
E,v53e_0748,250000000,512,0,1,0,1,0,0,0,0
E,v53e_0749,250000000,512,0,1,0,1,0,0,0,0
E,v53e_0750,250000000,512,0,1,0,1,0,0,0,0
E,v53e_0751,250000000,512,0,1,0,1,0,0,0,0
E,v53e_0752,250000000,512,0,1,0,1,0,0,0,0
E,v53e_0753,250000000,512,0,1,0,1,0,0,0,0
E,v53e_0754,250000000,512,0,1,0,1,0,0,0,0
E,v53e_0755,250000000,512,0,1,0,1,0,0,0,0
E,v53e_0756,250000000,512,0,1,0,1,0,0,0,0
E,v53e_0757,250000000,512,0,1,0,1,0,0,0,0
E,v53e_0758,250000000,512,0,1,0,1,0,0,0,0
E,v53e_0759,250000000,512,0,1,0,1,0,0,0,0
E,v53e_0760,250000000,512,0,1,0,1,0,0,0,0
E,v53e_0761,250000000,512,0,1,0,1,0,0,0,0
E,v53e_0762,250000000,512,0,1,0,1,0,0,0,0
E,v53e_0763,250000000,512,0,1,0,1,0,0,0,0
E,v53e_0764,250000000,512,0,1,0,1,0,0,0,0
E,v53e_0765,250000000,512,0,1,0,1,0,0,0,0
E,v53e_0766,250000000,512,0,1,0,1,0,0,0,0
E,v53e_0767,250000000,512,0,1,0,1,0,0,0,0
E,v53e_0768,250000000,512,0,1,0,1,0,0,0,0
E,v53e_0769,250000000,512,0,1,0,1,0,0,0,0
E,v53e_0770,250000000,512,0,1,0,1,0,0,0,0
E,v53e_0771,250000000,512,0,1,0,1,0,0,0,0
E,v53e_0772,250000000,512,0,1,0,1,0,0,0,0
E,v53e_0773,250000000,512,0,1,0,1,0,0,0,0
E,v53e_0774,250000000,512,0,1,0,1,0,0,0,0
E,v53e_0775,250000000,512,0,1,0,1,0,0,0,0
E,v53e_0776,250000000,512,0,1,0,1,0,0,0,0
E,v53e_0777,250000000,512,0,1,0,1,0,0,0,0
E,v53e_0778,250000000,512,0,1,0,1,0,0,0,0
E,v53e_0779,250000000,512,0,1,0,1,0,0,0,0
E,v53e_0780,250000000,512,0,1,0,1,0,0,0,0
E,v53e_0781,250000000,512,0,1,0,1,0,0,0,0
E,v53e_0782,250000000,512,0,1,0,1,0,0,0,0
E,v53e_0783,250000000,512,0,1,0,1,0,0,0,0
E,v53e_0784,250000000,512,0,1,0,1,0,0,0,0
E,v53e_0785,250000000,512,0,1,0,1,0,0,0,0
E,v53e_0786,250000000,512,0,1,0,1,0,0,0,0
E,v53e_0787,250000000,512,0,1,0,1,0,0,0,0
E,v53e_0788,250000000,512,0,1,0,1,0,0,0,0
E,v53e_0789,250000000,512,0,1,0,1,0,0,0,0
E,v53e_0790,250000000,512,0,1,0,1,0,0,0,0
E,v53e_0791,250000000,512,0,1,0,1,0,0,0,0
E,v53e_0792,250000000,512,0,1,0,1,0,0,0,0
E,v53e_0793,250000000,512,0,1,0,1,0,0,0,0
E,v53e_0794,250000000,512,0,1,0,1,0,0,0,0
E,v53e_0795,250000000,512,0,1,0,1,0,0,0,0
E,v53e_0796,250000000,512,0,1,0,1,0,0,0,0
E,v53e_0797,250000000,512,0,1,0,1,0,0,0,0
E,v53e_0798,250000000,512,0,1,0,1,0,0,0,0
E,v53e_0799,250000000,512,0,1,0,1,0,0,0,0
E,v53e_0800,250000000,512,0,1,0,1,0,0,0,0
E,v53e_0801,250000000,512,0,1,0,1,0,0,0,0
E,v53e_0802,250000000,512,0,1,0,1,0,0,0,0
E,v53e_0803,250000000,512,0,1,0,1,0,0,0,0
E,v53e_0804,250000000,512,0,1,0,1,0,0,0,0
E,v53e_0805,250000000,512,0,1,0,1,0,0,0,0
E,v53e_0806,250000000,512,0,1,0,1,0,0,0,0
E,v53e_0807,250000000,512,0,1,0,1,0,0,0,0
E,v53e_0808,250000000,512,0,1,0,1,0,0,0,0
E,v53e_0809,250000000,512,0,1,0,1,0,0,0,0
E,v53e_0810,250000000,512,0,1,0,1,0,0,0,0
E,v53e_0811,250000000,512,0,1,0,1,0,0,0,0
E,v53e_0812,250000000,512,0,1,0,1,0,0,0,0
E,v53e_0813,250000000,512,0,1,0,1,0,0,0,0
E,v53e_0814,250000000,512,0,1,0,1,0,0,0,0
E,v53e_0815,250000000,512,0,1,0,1,0,0,0,0
E,v53e_0816,250000000,512,0,1,0,1,0,0,0,0
E,v53e_0817,250000000,512,0,1,0,1,0,0,0,0
E,v53e_0818,250000000,512,0,1,0,1,0,0,0,0
E,v53e_0819,250000000,512,0,1,0,1,0,0,0,0
E,v53e_0820,250000000,512,0,1,0,1,0,0,0,0
E,v53e_0821,250000000,512,0,1,0,1,0,0,0,0
E,v53e_0822,250000000,512,0,1,0,1,0,0,0,0
E,v53e_0823,250000000,512,0,1,0,1,0,0,0,0
E,v53e_0824,250000000,512,0,1,0,1,0,0,0,0
E,v53e_0825,250000000,512,0,1,0,1,0,0,0,0
E,v53e_0826,250000000,512,0,1,0,1,0,0,0,0
E,v53e_0827,250000000,512,0,1,0,1,0,0,0,0
E,v53e_0828,250000000,512,0,1,0,1,0,0,0,0
E,v53e_0829,250000000,512,0,1,0,1,0,0,0,0
E,v53e_0830,250000000,512,0,1,0,1,0,0,0,0
E,v53e_0831,250000000,512,0,1,0,1,0,0,0,0
E,v53e_0832,250000000,512,0,1,0,1,0,0,0,0
E,v53e_0833,250000000,512,0,1,0,1,0,0,0,0
E,v53e_0834,250000000,512,0,1,0,1,0,0,0,0
E,v53e_0835,250000000,512,0,1,0,1,0,0,0,0
E,v53e_0836,250000000,512,0,1,0,1,0,0,0,0
E,v53e_0837,250000000,512,0,1,0,1,0,0,0,0
E,v53e_0838,250000000,512,0,1,0,1,0,0,0,0
E,v53e_0839,250000000,512,0,1,0,1,0,0,0,0
E,v53e_0840,250000000,512,0,1,0,1,0,0,0,0
E,v53e_0841,250000000,512,0,1,0,1,0,0,0,0
E,v53e_0842,250000000,512,0,1,0,1,0,0,0,0
E,v53e_0843,250000000,512,0,1,0,1,0,0,0,0
E,v53e_0844,250000000,512,0,1,0,1,0,0,0,0
E,v53e_0845,250000000,512,0,1,0,1,0,0,0,0
E,v53e_0846,250000000,512,0,1,0,1,0,0,0,0
E,v53e_0847,250000000,512,0,1,0,1,0,0,0,0
E,v53e_0848,250000000,512,0,1,0,1,0,0,0,0
E,v53e_0849,250000000,512,0,1,0,1,0,0,0,0
E,v53e_0850,250000000,512,0,1,0,1,0,0,0,0
E,v53e_0851,250000000,512,0,1,0,1,0,0,0,0
E,v53e_0852,250000000,512,0,1,0,1,0,0,0,0
E,v53e_0853,250000000,512,0,1,0,1,0,0,0,0
E,v53e_0854,250000000,512,0,1,0,1,0,0,0,0
E,v53e_0855,250000000,512,0,1,0,1,0,0,0,0
E,v53e_0856,250000000,512,0,1,0,1,0,0,0,0
E,v53e_0857,250000000,512,0,1,0,1,0,0,0,0
E,v53e_0858,250000000,512,0,1,0,1,0,0,0,0
E,v53e_0859,250000000,512,0,1,0,1,0,0,0,0
E,v53e_0860,250000000,512,0,1,0,1,0,0,0,0
E,v53e_0861,250000000,512,0,1,0,1,0,0,0,0
E,v53e_0862,250000000,512,0,1,0,1,0,0,0,0
E,v53e_0863,250000000,512,0,1,0,1,0,0,0,0
E,v53e_0864,250000000,512,0,1,0,1,0,0,0,0
E,v53e_0865,250000000,512,0,1,0,1,0,0,0,0
E,v53e_0866,250000000,512,0,1,0,1,0,0,0,0
E,v53e_0867,250000000,512,0,1,0,1,0,0,0,0
E,v53e_0868,250000000,512,0,1,0,1,0,0,0,0
E,v53e_0869,250000000,512,0,1,0,1,0,0,0,0
E,v53e_0870,250000000,512,0,1,0,1,0,0,0,0
E,v53e_0871,250000000,512,0,1,0,1,0,0,0,0
E,v53e_0872,250000000,512,0,1,0,1,0,0,0,0
E,v53e_0873,250000000,512,0,1,0,1,0,0,0,0
E,v53e_0874,250000000,512,0,1,0,1,0,0,0,0
E,v53e_0875,250000000,512,0,1,0,1,0,0,0,0
E,v53e_0876,250000000,512,0,1,0,1,0,0,0,0
E,v53e_0877,250000000,512,0,1,0,1,0,0,0,0
E,v53e_0878,250000000,512,0,1,0,1,0,0,0,0
E,v53e_0879,250000000,512,0,1,0,1,0,0,0,0
E,v53e_0880,250000000,512,0,1,0,1,0,0,0,0
E,v53e_0881,250000000,512,0,1,0,1,0,0,0,0
E,v53e_0882,250000000,512,0,1,0,1,0,0,0,0
E,v53e_0883,250000000,512,0,1,0,1,0,0,0,0
E,v53e_0884,250000000,512,0,1,0,1,0,0,0,0
E,v53e_0885,250000000,512,0,1,0,1,0,0,0,0
E,v53e_0886,250000000,512,0,1,0,1,0,0,0,0
E,v53e_0887,250000000,512,0,1,0,1,0,0,0,0
E,v53e_0888,250000000,512,0,1,0,1,0,0,0,0
E,v53e_0889,250000000,512,0,1,0,1,0,0,0,0
E,v53e_0890,250000000,512,0,1,0,1,0,0,0,0
E,v53e_0891,250000000,512,0,1,0,1,0,0,0,0
E,v53e_0892,250000000,512,0,1,0,1,0,0,0,0
E,v53e_0893,250000000,512,0,1,0,1,0,0,0,0
E,v53e_0894,250000000,512,0,1,0,1,0,0,0,0
E,v53e_0895,250000000,512,0,1,0,1,0,0,0,0
E,v53e_0896,250000000,512,0,1,0,1,0,0,0,0
E,v53e_0897,250000000,512,0,1,0,1,0,0,0,0
E,v53e_0898,250000000,512,0,1,0,1,0,0,0,0
E,v53e_0899,250000000,512,0,1,0,1,0,0,0,0
E,v53e_0900,250000000,512,0,1,0,1,0,0,0,0
E,v53e_0901,250000000,512,0,1,0,1,0,0,0,0
E,v53e_0902,250000000,512,0,1,0,1,0,0,0,0
E,v53e_0903,250000000,512,0,1,0,1,0,0,0,0
E,v53e_0904,250000000,512,0,1,0,1,0,0,0,0
E,v53e_0905,250000000,512,0,1,0,1,0,0,0,0
E,v53e_0906,250000000,512,0,1,0,1,0,0,0,0
E,v53e_0907,250000000,512,0,1,0,1,0,0,0,0
E,v53e_0908,250000000,512,0,1,0,1,0,0,0,0
E,v53e_0909,250000000,512,0,1,0,1,0,0,0,0
E,v53e_0910,250000000,512,0,1,0,1,0,0,0,0
E,v53e_0911,250000000,512,0,1,0,1,0,0,0,0
E,v53e_0912,250000000,512,0,1,0,1,0,0,0,0
E,v53e_0913,250000000,512,0,1,0,1,0,0,0,0
E,v53e_0914,250000000,512,0,1,0,1,0,0,0,0
E,v53e_0915,250000000,512,0,1,0,1,0,0,0,0
E,v53e_0916,250000000,512,0,1,0,1,0,0,0,0
E,v53e_0917,250000000,512,0,1,0,1,0,0,0,0
E,v53e_0918,250000000,512,0,1,0,1,0,0,0,0
E,v53e_0919,250000000,512,0,1,0,1,0,0,0,0
E,v53e_0920,250000000,512,0,1,0,1,0,0,0,0
E,v53e_0921,250000000,512,0,1,0,1,0,0,0,0
E,v53e_0922,250000000,512,0,1,0,1,0,0,0,0
E,v53e_0923,250000000,512,0,1,0,1,0,0,0,0
E,v53e_0924,250000000,512,0,1,0,1,0,0,0,0
E,v53e_0925,250000000,512,0,1,0,1,0,0,0,0
E,v53e_0926,250000000,512,0,1,0,1,0,0,0,0
E,v53e_0927,250000000,512,0,1,0,1,0,0,0,0
E,v53e_0928,250000000,512,0,1,0,1,0,0,0,0
E,v53e_0929,250000000,512,0,1,0,1,0,0,0,0
E,v53e_0930,250000000,512,0,1,0,1,0,0,0,0
E,v53e_0931,250000000,512,0,1,0,1,0,0,0,0
E,v53e_0932,250000000,512,0,1,0,1,0,0,0,0
E,v53e_0933,250000000,512,0,1,0,1,0,0,0,0
E,v53e_0934,250000000,512,0,1,0,1,0,0,0,0
E,v53e_0935,250000000,512,0,1,0,1,0,0,0,0
E,v53e_0936,250000000,512,0,1,0,1,0,0,0,0
E,v53e_0937,250000000,512,0,1,0,1,0,0,0,0
E,v53e_0938,250000000,512,0,1,0,1,0,0,0,0
E,v53e_0939,250000000,512,0,1,0,1,0,0,0,0
E,v53e_0940,250000000,512,0,1,0,1,0,0,0,0
E,v53e_0941,250000000,512,0,1,0,1,0,0,0,0
E,v53e_0942,250000000,512,0,1,0,1,0,0,0,0
E,v53e_0943,250000000,512,0,1,0,1,0,0,0,0
E,v53e_0944,250000000,512,0,1,0,1,0,0,0,0
E,v53e_0945,250000000,512,0,1,0,1,0,0,0,0
E,v53e_0946,250000000,512,0,1,0,1,0,0,0,0
E,v53e_0947,250000000,512,0,1,0,1,0,0,0,0
E,v53e_0948,250000000,512,0,1,0,1,0,0,0,0
E,v53e_0949,250000000,512,0,1,0,1,0,0,0,0
E,v53e_0950,250000000,512,0,1,0,1,0,0,0,0
E,v53e_0951,250000000,512,0,1,0,1,0,0,0,0
E,v53e_0952,250000000,512,0,1,0,1,0,0,0,0
E,v53e_0953,250000000,512,0,1,0,1,0,0,0,0
E,v53e_0954,250000000,512,0,1,0,1,0,0,0,0
E,v53e_0955,250000000,512,0,1,0,1,0,0,0,0
E,v53e_0956,250000000,512,0,1,0,1,0,0,0,0
E,v53e_0957,250000000,512,0,1,0,1,0,0,0,0
E,v53e_0958,250000000,512,0,1,0,1,0,0,0,0
E,v53e_0959,250000000,512,0,1,0,1,0,0,0,0
E,v53e_0960,250000000,512,0,1,0,1,0,0,0,0
E,v53e_0961,250000000,512,0,1,0,1,0,0,0,0
E,v53e_0962,250000000,512,0,1,0,1,0,0,0,0
E,v53e_0963,250000000,512,0,1,0,1,0,0,0,0
E,v53e_0964,250000000,512,0,1,0,1,0,0,0,0
E,v53e_0965,250000000,512,0,1,0,1,0,0,0,0
E,v53e_0966,250000000,512,0,1,0,1,0,0,0,0
E,v53e_0967,250000000,512,0,1,0,1,0,0,0,0
E,v53e_0968,250000000,512,0,1,0,1,0,0,0,0
E,v53e_0969,250000000,512,0,1,0,1,0,0,0,0
E,v53e_0970,250000000,512,0,1,0,1,0,0,0,0
E,v53e_0971,250000000,512,0,1,0,1,0,0,0,0
E,v53e_0972,250000000,512,0,1,0,1,0,0,0,0
E,v53e_0973,250000000,512,0,1,0,1,0,0,0,0
E,v53e_0974,250000000,512,0,1,0,1,0,0,0,0
E,v53e_0975,250000000,512,0,1,0,1,0,0,0,0
E,v53e_0976,250000000,512,0,1,0,1,0,0,0,0
E,v53e_0977,250000000,512,0,1,0,1,0,0,0,0
E,v53e_0978,250000000,512,0,1,0,1,0,0,0,0
E,v53e_0979,250000000,512,0,1,0,1,0,0,0,0
E,v53e_0980,250000000,512,0,1,0,1,0,0,0,0
E,v53e_0981,250000000,512,0,1,0,1,0,0,0,0
E,v53e_0982,250000000,512,0,1,0,1,0,0,0,0
E,v53e_0983,250000000,512,0,1,0,1,0,0,0,0
E,v53e_0984,250000000,512,0,1,0,1,0,0,0,0
E,v53e_0985,250000000,512,0,1,0,1,0,0,0,0
E,v53e_0986,250000000,512,0,1,0,1,0,0,0,0
E,v53e_0987,250000000,512,0,1,0,1,0,0,0,0
E,v53e_0988,250000000,512,0,1,0,1,0,0,0,0
E,v53e_0989,250000000,512,0,1,0,1,0,0,0,0
E,v53e_0990,250000000,512,0,1,0,1,0,0,0,0
E,v53e_0991,250000000,512,0,1,0,1,0,0,0,0
E,v53e_0992,250000000,512,0,1,0,1,0,0,0,0
E,v53e_0993,250000000,512,0,1,0,1,0,0,0,0
E,v53e_0994,250000000,512,0,1,0,1,0,0,0,0
E,v53e_0995,250000000,512,0,1,0,1,0,0,0,0
E,v53e_0996,250000000,512,0,1,0,1,0,0,0,0
E,v53e_0997,250000000,512,0,1,0,1,0,0,0,0
E,v53e_0998,250000000,512,0,1,0,1,0,0,0,0
E,v53e_0999,250000000,512,0,1,0,1,0,0,0,0
E,v53e_1000,250000000,512,0,1,0,1,0,0,0,0
